{"cameraMode":{"drawMode":0,"name":"Shaded","section":"Shading Mode"},"sceneLighting":false,"audioPlay":false,"sceneViewState":{"showFog":true,"showMaterialUpdate":false,"showSkybox":false,"showFlares":true,"showImageEffects":true,"showParticleSystems":true},"in2DMode":false,"pivot":{"x":14.62031364440918,"y":5.70621395111084,"z":-16.047372817993165},"rotation":{"x":-0.0617213174700737,"y":-0.039815157651901248,"z":0.00246433331631124,"w":-0.9972959756851196},"size":31.28621482849121,"orthographic":false}