{"cameraMode":{"drawMode":0,"name":"Shaded","section":"Shading Mode"},"sceneLighting":false,"audioPlay":false,"sceneViewState":{"showFog":true,"showMaterialUpdate":false,"showSkybox":false,"showFlares":true,"showImageEffects":true,"showParticleSystems":true},"in2DMode":false,"pivot":{"x":3.0402779579162599,"y":5.78511905670166,"z":4.663890838623047},"rotation":{"x":0.02507571317255497,"y":-0.09373273700475693,"z":-0.002361045219004154,"w":-0.9952787756919861},"size":25.07136344909668,"orthographic":false}