{"cameraMode":{"drawMode":0,"name":"Shaded","section":"Shading Mode"},"sceneLighting":false,"audioPlay":false,"sceneViewState":{"showFog":true,"showMaterialUpdate":false,"showSkybox":true,"showFlares":true,"showImageEffects":true,"showParticleSystems":true},"in2DMode":false,"pivot":{"x":-1.8382437229156495,"y":1.861738920211792,"z":-0.025787353515625},"rotation":{"x":0.02249559946358204,"y":-0.01499592699110508,"z":0.00033745920518413186,"w":0.9996344447135925},"size":16.984294891357423,"orthographic":false}