{"cameraMode":{"drawMode":0,"name":"Shaded","section":"Shading Mode"},"sceneLighting":false,"audioPlay":false,"sceneViewState":{"showFog":true,"showMaterialUpdate":false,"showSkybox":true,"showFlares":true,"showImageEffects":true,"showParticleSystems":true},"in2DMode":false,"pivot":{"x":2.737703561782837,"y":-0.011331558227539063,"z":4.363275527954102},"rotation":{"x":0.18023435771465302,"y":0.0784120038151741,"z":-0.01441508624702692,"w":0.9803873896598816},"size":23.710844039916993,"orthographic":false}