{"cameraMode":{"drawMode":0,"name":"Shaded","section":"Shading Mode"},"sceneLighting":false,"audioPlay":false,"sceneViewState":{"showFog":true,"showMaterialUpdate":false,"showSkybox":true,"showFlares":true,"showImageEffects":true,"showParticleSystems":true},"in2DMode":false,"pivot":{"x":-2.204526901245117,"y":-5.093372344970703,"z":23.53876495361328},"rotation":{"x":0.18636225163936616,"y":-0.02063051052391529,"z":0.003914200235158205,"w":0.9822567105293274},"size":36.57414245605469,"orthographic":false}