{"cameraMode":{"drawMode":0,"name":"Shaded","section":"Shading Mode"},"sceneLighting":false,"audioPlay":false,"sceneViewState":{"showFog":true,"showMaterialUpdate":false,"showSkybox":false,"showFlares":true,"showImageEffects":true,"showParticleSystems":true},"in2DMode":false,"pivot":{"x":0.8198336362838745,"y":0.6220645904541016,"z":1.1572833061218262},"rotation":{"x":-0.23629817366600038,"y":-0.04458219185471535,"z":0.010854282416403294,"w":-0.9705966114997864},"size":9.574962615966797,"orthographic":false}