{"cameraMode":{"drawMode":0,"name":"Shaded","section":"Shading Mode"},"sceneLighting":false,"audioPlay":false,"sceneViewState":{"showFog":true,"showMaterialUpdate":false,"showSkybox":false,"showFlares":true,"showImageEffects":true,"showParticleSystems":true},"in2DMode":false,"pivot":{"x":0.35734546184539797,"y":2.156729221343994,"z":0.16926956176757813},"rotation":{"x":-0.022743145003914834,"y":-0.07580782473087311,"z":0.0017300237668678165,"w":-0.9968615770339966},"size":6.91859245300293,"orthographic":false}