{"cameraMode":{"drawMode":0,"name":"Shaded","section":"Shading Mode"},"sceneLighting":false,"audioPlay":false,"sceneViewState":{"showFog":true,"showMaterialUpdate":false,"showSkybox":false,"showFlares":true,"showImageEffects":true,"showParticleSystems":true},"in2DMode":false,"pivot":{"x":0.5605036020278931,"y":3.2017300128936769,"z":-1.5641517639160157},"rotation":{"x":0.0191875658929348,"y":-0.00839887373149395,"z":-0.00016094995953608304,"w":-0.9997805953025818},"size":12.040477752685547,"orthographic":false}