{"cameraMode":{"drawMode":0,"name":"Shaded","section":"Shading Mode"},"sceneLighting":false,"audioPlay":false,"sceneViewState":{"showFog":true,"showMaterialUpdate":false,"showSkybox":true,"showFlares":true,"showImageEffects":true,"showParticleSystems":true},"in2DMode":false,"pivot":{"x":-2.0957980155944826,"y":0.7378988265991211,"z":2.8349266052246095},"rotation":{"x":0.1835373193025589,"y":-0.048332128673791888,"z":0.009035538882017136,"w":0.9817822575569153},"size":14.863228797912598,"orthographic":false}