{"cameraMode":{"drawMode":0,"name":"Shaded","section":"Shading Mode"},"sceneLighting":false,"audioPlay":false,"sceneViewState":{"showFog":true,"showMaterialUpdate":false,"showSkybox":false,"showFlares":true,"showImageEffects":true,"showParticleSystems":true},"in2DMode":false,"pivot":{"x":0.0,"y":0.1021738052368164,"z":0.05213618278503418},"rotation":{"x":-0.042297109961509708,"y":-0.00689459964632988,"z":0.00029233202803879976,"w":-0.9990813136100769},"size":25.04931640625,"orthographic":false}