{"cameraMode":{"drawMode":0,"name":"Shaded","section":"Shading Mode"},"sceneLighting":false,"audioPlay":false,"sceneViewState":{"showFog":true,"showMaterialUpdate":false,"showSkybox":false,"showFlares":true,"showImageEffects":true,"showParticleSystems":true},"in2DMode":false,"pivot":{"x":0.1159314215183258,"y":4.216704368591309,"z":0.3963966369628906},"rotation":{"x":0.02518475614488125,"y":0.012595092877745629,"z":0.0003175674064550549,"w":-0.9996034502983093},"size":9.611642837524414,"orthographic":false}