{"cameraMode":{"drawMode":0,"name":"Shaded","section":"Shading Mode"},"sceneLighting":false,"audioPlay":false,"sceneViewState":{"showFog":true,"showMaterialUpdate":false,"showSkybox":true,"showFlares":true,"showImageEffects":true,"showParticleSystems":true},"in2DMode":false,"pivot":{"x":-1.7065653800964356,"y":2.822652816772461,"z":39.889007568359378},"rotation":{"x":0.004499383736401796,"y":0.01649881899356842,"z":-0.00007425179501296952,"w":0.999853789806366},"size":62.077056884765628,"orthographic":false}