{"cameraMode":{"drawMode":0,"name":"Shaded","section":"Shading Mode"},"sceneLighting":false,"audioPlay":false,"sceneViewState":{"showFog":true,"showMaterialUpdate":false,"showSkybox":true,"showFlares":true,"showImageEffects":true,"showParticleSystems":true},"in2DMode":false,"pivot":{"x":0.35478973388671877,"y":-10.080219268798829,"z":-0.7013835906982422},"rotation":{"x":0.22945748269557954,"y":-0.4854550063610077,"z":0.13373199105262757,"w":0.832945704460144},"size":53.00613021850586,"orthographic":false}