{"cameraMode":{"drawMode":0,"name":"Shaded","section":"Shading Mode"},"sceneLighting":false,"audioPlay":false,"sceneViewState":{"showFog":true,"showMaterialUpdate":false,"showSkybox":false,"showFlares":true,"showImageEffects":true,"showParticleSystems":true},"in2DMode":false,"pivot":{"x":0.07080292701721192,"y":0.7355365753173828,"z":9.533960342407227},"rotation":{"x":-0.13191629946231843,"y":-0.011300591751933098,"z":0.0015042165759950877,"w":-0.9911953210830689},"size":16.69093894958496,"orthographic":false}